"keen.timestamp","keen.created_at","keen.id","camera.id","camera.name","person_count","taxi_line.id","taxi_line.name","taxi_line.weeels_id"
"2015-10-12T16:21:00.000Z","2015-10-19T18:34:47.898Z","562537c796773d32b921aa0e","","","0","55e4c1c8f7e0c519f1000000","LGA B1","53c80e3a33356200021b0000"
"2015-10-12T16:31:00.000Z","2015-10-19T18:34:48.315Z","562537c86f31a22ff7b94dd2","","","0","55e4c1c8f7e0c519f1000000","LGA B1","53c80e3a33356200021b0000"
"2015-10-12T16:41:00.000Z","2015-10-19T18:34:48.674Z","562537c896773d32c6fb853d","","","17","55e4c1c8f7e0c519f1000000","LGA B1","53c80e3a33356200021b0000"
"2015-10-12T16:51:00.000Z","2015-10-19T18:34:49.040Z","562537c996773d32c42edb3c","","","25","55e4c1c8f7e0c519f1000000","LGA B1","53c80e3a33356200021b0000"
"2015-10-12T17:01:00.000Z","2015-10-19T18:34:49.436Z","562537c96f31a2300c3aa1d5","","","25","55e4c1c8f7e0c519f1000000","LGA B1","53c80e3a33356200021b0000"
"2015-10-12T17:11:00.000Z","2015-10-19T18:34:49.859Z","562537c9672e6c422bcce331","","","20","55e4c1c8f7e0c519f1000000","LGA B1","53c80e3a33356200021b0000"
"2015-10-12T17:21:00.000Z","2015-10-19T18:34:50.221Z","562537ca672e6c42215dd8c5","","","1","55e4c1c8f7e0c519f1000000","LGA B1","53c80e3a33356200021b0000"
"2015-10-12T05:31:00.000Z","2015-10-19T18:34:50.655Z","562537ca6f31a2300a34b3a7","","","0","55e4c1c8f7e0c519f1000000","LGA B1","53c80e3a33356200021b0000"
"2015-10-12T17:41:00.000Z","2015-10-19T18:34:52.394Z","562537cc46f9a73a3ee74d61","","","0","55e4c1c8f7e0c519f1000000","LGA B1","53c80e3a33356200021b0000"
"2015-10-12T17:51:00.000Z","2015-10-19T18:34:52.792Z","562537cc6f31a2300b572f54","","","0","55e4c1c8f7e0c519f1000000","LGA B1","53c80e3a33356200021b0000"
"2015-10-12T18:01:00.000Z","2015-10-19T18:34:53.412Z","562537cdd2eaaa36ca3fdb32","","","20","55e4c1c8f7e0c519f1000000","LGA B1","53c80e3a33356200021b0000"
"2015-10-12T18:11:00.000Z","2015-10-19T18:34:53.788Z","562537cdd2eaaa36c90d351d","","","18","55e4c1c8f7e0c519f1000000","LGA B1","53c80e3a33356200021b0000"
"2015-10-12T18:21:00.000Z","2015-10-19T18:34:54.264Z","562537ce672e6c421d500ca9","","","1","55e4c1c8f7e0c519f1000000","LGA B1","53c80e3a33356200021b0000"
"2015-10-12T18:31:00.000Z","2015-10-19T18:34:56.221Z","562537d0672e6c422bcce396","","","0","55e4c1c8f7e0c519f1000000","LGA B1","53c80e3a33356200021b0000"
"2015-10-12T18:41:00.000Z","2015-10-19T18:34:56.628Z","562537d06f31a22ffcfb3578","","","30","55e4c1c8f7e0c519f1000000","LGA B1","53c80e3a33356200021b0000"
"2015-10-11T07:01:00.000Z","2015-10-19T18:34:56.991Z","562537d059949a34cbb679d8","","","0","55e4c1c8f7e0c519f1000000","LGA B1","53c80e3a33356200021b0000"
"2015-10-11T19:11:00.000Z","2015-10-19T18:34:57.335Z","562537d1672e6c421ee837cb","","","0","55e4c1c8f7e0c519f1000000","LGA B1","53c80e3a33356200021b0000"
"2015-10-11T07:21:00.000Z","2015-10-19T18:34:58.216Z","562537d259949a34bf276393","","","0","55e4c1c8f7e0c519f1000000","LGA B1","53c80e3a33356200021b0000"
"2015-10-11T07:31:00.000Z","2015-10-19T18:34:58.562Z","562537d290e4bd38683c8c1c","","","0","55e4c1c8f7e0c519f1000000","LGA B1","53c80e3a33356200021b0000"
"2015-10-11T07:04:00.000Z","2015-10-19T18:34:58.918Z","562537d290e4bd38676431b4","","","0","55e4c1c8f7e0c519f1000000","LGA B1","53c80e3a33356200021b0000"
"2015-10-11T07:51:00.000Z","2015-10-19T18:34:59.252Z","562537d346f9a73a42203cf1","","","0","55e4c1c8f7e0c519f1000000","LGA B1","53c80e3a33356200021b0000"
"2015-10-11T08:01:00.000Z","2015-10-19T18:34:59.607Z","562537d3672e6c4219607b25","","","0","55e4c1c8f7e0c519f1000000","LGA B1","53c80e3a33356200021b0000"
"2015-10-11T08:11:00.000Z","2015-10-19T18:34:59.950Z","562537d396773d32c42edc8a","","","0","55e4c1c8f7e0c519f1000000","LGA B1","53c80e3a33356200021b0000"
"2015-10-11T08:21:00.000Z","2015-10-19T18:35:00.331Z","562537d46f31a23000b1b1ed","","","0","55e4c1c8f7e0c519f1000000","LGA B1","53c80e3a33356200021b0000"
"2015-10-11T08:31:00.000Z","2015-10-19T18:35:00.712Z","562537d46f31a230097d5ad7","","","0","55e4c1c8f7e0c519f1000000","LGA B1","53c80e3a33356200021b0000"
"2015-10-11T08:41:00.000Z","2015-10-19T18:35:01.070Z","562537d5d2eaaa36c598cc7b","","","0","55e4c1c8f7e0c519f1000000","LGA B1","53c80e3a33356200021b0000"
"2015-10-11T08:51:00.000Z","2015-10-19T18:35:01.417Z","562537d5672e6c421bd5883e","","","0","55e4c1c8f7e0c519f1000000","LGA B1","53c80e3a33356200021b0000"
"2015-10-11T09:01:00.000Z","2015-10-19T18:35:01.754Z","562537d596773d32ba649992","","","0","55e4c1c8f7e0c519f1000000","LGA B1","53c80e3a33356200021b0000"
"2015-10-11T09:11:00.000Z","2015-10-19T18:35:02.124Z","562537d646f9a73a4186a33a","","","0","55e4c1c8f7e0c519f1000000","LGA B1","53c80e3a33356200021b0000"
"2015-10-11T09:21:00.000Z","2015-10-19T18:35:02.641Z","562537d6d2eaaa36c17db855","","","0","55e4c1c8f7e0c519f1000000","LGA B1","53c80e3a33356200021b0000"
"2015-10-11T09:31:00.000Z","2015-10-19T18:35:03.001Z","562537d790e4bd3860b69f87","","","0","55e4c1c8f7e0c519f1000000","LGA B1","53c80e3a33356200021b0000"
"2015-10-11T09:41:00.000Z","2015-10-19T18:35:03.343Z","562537d746f9a73a4e4307d7","","","0","55e4c1c8f7e0c519f1000000","LGA B1","53c80e3a33356200021b0000"
"2015-10-11T09:51:00.000Z","2015-10-19T18:35:03.714Z","562537d796773d32b3bc4846","","","0","55e4c1c8f7e0c519f1000000","LGA B1","53c80e3a33356200021b0000"
"2015-10-11T10:01:00.000Z","2015-10-19T18:35:04.054Z","562537d859949a34cbb67a5a","","","0","55e4c1c8f7e0c519f1000000","LGA B1","53c80e3a33356200021b0000"
"2015-10-11T10:11:00.000Z","2015-10-19T18:35:06.279Z","562537da46f9a73a4e430875","","","0","55e4c1c8f7e0c519f1000000","LGA B1","53c80e3a33356200021b0000"
"2015-10-11T10:21:00.000Z","2015-10-19T18:35:06.691Z","562537da90e4bd3867643251","","","0","55e4c1c8f7e0c519f1000000","LGA B1","53c80e3a33356200021b0000"
"2015-10-11T10:41:00.000Z","2015-10-19T18:35:07.043Z","562537db59949a34bcdd47c0","","","0","55e4c1c8f7e0c519f1000000","LGA B1","53c80e3a33356200021b0000"
"2015-10-11T10:51:00.000Z","2015-10-19T18:35:07.997Z","562537db46f9a73a3984a195","","","1","55e4c1c8f7e0c519f1000000","LGA B1","53c80e3a33356200021b0000"
"2015-10-11T11:01:00.000Z","2015-10-19T18:35:08.387Z","562537dc59949a34b85426b1","","","0","55e4c1c8f7e0c519f1000000","LGA B1","53c80e3a33356200021b0000"
"2015-10-11T11:21:00.000Z","2015-10-19T18:35:08.735Z","562537dc96773d32b23a0434","","","0","55e4c1c8f7e0c519f1000000","LGA B1","53c80e3a33356200021b0000"
"2015-10-11T11:31:00.000Z","2015-10-19T18:35:09.077Z","562537dd96773d32b7f9061f","","","1","55e4c1c8f7e0c519f1000000","LGA B1","53c80e3a33356200021b0000"
"2015-10-11T11:41:00.000Z","2015-10-19T18:35:09.419Z","562537dd59949a34b7384492","","","2","55e4c1c8f7e0c519f1000000","LGA B1","53c80e3a33356200021b0000"
"2015-10-11T11:51:00.000Z","2015-10-19T18:35:10.268Z","562537de6f31a22ffbbdb182","","","5","55e4c1c8f7e0c519f1000000","LGA B1","53c80e3a33356200021b0000"
"2015-10-11T12:01:00.000Z","2015-10-19T18:35:10.631Z","562537de672e6c422009186d","","","2","55e4c1c8f7e0c519f1000000","LGA B1","53c80e3a33356200021b0000"
"2015-10-11T12:11:00.000Z","2015-10-19T18:35:10.943Z","562537de672e6c4220091883","","","0","55e4c1c8f7e0c519f1000000","LGA B1","53c80e3a33356200021b0000"
"2015-10-11T12:21:00.000Z","2015-10-19T18:35:11.414Z","562537df96773d32b921ac8a","","","0","55e4c1c8f7e0c519f1000000","LGA B1","53c80e3a33356200021b0000"
"2015-10-11T12:31:00.000Z","2015-10-19T18:35:12.077Z","562537e046f9a73a4b178f48","","","0","55e4c1c8f7e0c519f1000000","LGA B1","53c80e3a33356200021b0000"
"2015-10-11T12:41:00.000Z","2015-10-19T18:35:14.307Z","562537e259949a34be198af0","","","0","55e4c1c8f7e0c519f1000000","LGA B1","53c80e3a33356200021b0000"
"2015-10-11T12:51:00.000Z","2015-10-19T18:35:14.708Z","562537e26f31a22ffab28ea5","","","3","55e4c1c8f7e0c519f1000000","LGA B1","53c80e3a33356200021b0000"
"2015-10-11T13:01:00.000Z","2015-10-19T18:35:15.102Z","562537e359949a34bcdd489c","","","17","55e4c1c8f7e0c519f1000000","LGA B1","53c80e3a33356200021b0000"
"2015-10-11T13:11:00.000Z","2015-10-19T18:35:15.519Z","562537e36f31a2300a34b67c","","","49","55e4c1c8f7e0c519f1000000","LGA B1","53c80e3a33356200021b0000"
"2015-10-11T13:21:00.000Z","2015-10-19T18:35:15.902Z","562537e359949a34bb3dd06c","","","18","55e4c1c8f7e0c519f1000000","LGA B1","53c80e3a33356200021b0000"
"2015-10-11T13:41:00.000Z","2015-10-19T18:35:18.232Z","562537e659949a34bcdd48de","","","6","55e4c1c8f7e0c519f1000000","LGA B1","53c80e3a33356200021b0000"
"2015-10-12T01:51:00.000Z","2015-10-19T18:35:18.661Z","562537e696773d32b23a04fb","","","1","55e4c1c8f7e0c519f1000000","LGA B1","53c80e3a33356200021b0000"
"2015-10-11T14:01:00.000Z","2015-10-19T18:35:19.353Z","562537e76f31a22ffab28ee6","","","1","55e4c1c8f7e0c519f1000000","LGA B1","53c80e3a33356200021b0000"
"2015-10-11T14:11:00.000Z","2015-10-19T18:35:20.051Z","562537e859949a34c91a9064","","","13","55e4c1c8f7e0c519f1000000","LGA B1","53c80e3a33356200021b0000"
"2015-10-11T14:21:00.000Z","2015-10-19T18:35:25.157Z","562537ed672e6c422bcce626","","","25","55e4c1c8f7e0c519f1000000","LGA B1","53c80e3a33356200021b0000"
"2015-10-11T14:31:00.000Z","2015-10-19T18:35:25.843Z","562537ed96773d32c580e671","","","22","55e4c1c8f7e0c519f1000000","LGA B1","53c80e3a33356200021b0000"
"2015-10-11T14:41:00.000Z","2015-10-19T18:35:26.540Z","562537ee90e4bd387281e9b0","","","19","55e4c1c8f7e0c519f1000000","LGA B1","53c80e3a33356200021b0000"
"2015-10-11T14:51:00.000Z","2015-10-19T18:35:27.234Z","562537ef672e6c4219607e71","","","10","55e4c1c8f7e0c519f1000000","LGA B1","53c80e3a33356200021b0000"
"2015-10-11T15:01:00.000Z","2015-10-19T18:35:29.979Z","562537f159949a34bd055b82","","","18","55e4c1c8f7e0c519f1000000","LGA B1","53c80e3a33356200021b0000"
"2015-10-11T15:11:00.000Z","2015-10-19T18:35:32.210Z","562537f446f9a73a40c60b98","","","2","55e4c1c8f7e0c519f1000000","LGA B1","53c80e3a33356200021b0000"
"2015-10-11T15:21:00.000Z","2015-10-19T18:35:46.005Z","5625380259949a34ca129bca","","","0","55e4c1c8f7e0c519f1000000","LGA B1","53c80e3a33356200021b0000"
"2015-10-11T15:31:00.000Z","2015-10-19T18:35:46.459Z","562538026f31a2300a34b900","","","1","55e4c1c8f7e0c519f1000000","LGA B1","53c80e3a33356200021b0000"
"2015-10-11T15:41:00.000Z","2015-10-19T18:35:49.995Z","5625380596773d32ba649e3e","","","3","55e4c1c8f7e0c519f1000000","LGA B1","53c80e3a33356200021b0000"
"2015-10-11T15:51:00.000Z","2015-10-19T18:35:50.771Z","5625380659949a34bb3dd367","","","5","55e4c1c8f7e0c519f1000000","LGA B1","53c80e3a33356200021b0000"
"2015-10-11T16:01:00.000Z","2015-10-19T18:35:51.472Z","56253807672e6c42184f76b8","","","1","55e4c1c8f7e0c519f1000000","LGA B1","53c80e3a33356200021b0000"
"2015-10-11T16:11:00.000Z","2015-10-19T18:35:52.160Z","56253808d2eaaa36ca3fe06e","","","9","55e4c1c8f7e0c519f1000000","LGA B1","53c80e3a33356200021b0000"
"2015-10-11T16:21:00.000Z","2015-10-19T18:35:56.731Z","5625380c59949a34b8542e1b","","","10","55e4c1c8f7e0c519f1000000","LGA B1","53c80e3a33356200021b0000"
"2015-10-11T16:31:00.000Z","2015-10-19T18:35:58.338Z","5625380e672e6c421d501377","","","0","55e4c1c8f7e0c519f1000000","LGA B1","53c80e3a33356200021b0000"
"2015-10-11T16:41:00.000Z","2015-10-19T18:35:59.024Z","5625380f90e4bd3866e6b8bc","","","6","55e4c1c8f7e0c519f1000000","LGA B1","53c80e3a33356200021b0000"
"2015-10-11T16:51:00.000Z","2015-10-19T18:36:00.628Z","562538106f31a22ff7b96246","","","15","55e4c1c8f7e0c519f1000000","LGA B1","53c80e3a33356200021b0000"
"2015-10-11T17:01:00.000Z","2015-10-19T18:36:02.166Z","5625381296773d32b23a0998","","","30","55e4c1c8f7e0c519f1000000","LGA B1","53c80e3a33356200021b0000"
"2015-10-11T17:11:00.000Z","2015-10-19T18:36:04.248Z","562538146f31a22fff5f06f9","","","23","55e4c1c8f7e0c519f1000000","LGA B1","53c80e3a33356200021b0000"
"2015-10-11T17:21:00.000Z","2015-10-19T18:36:05.368Z","5625381590e4bd387320929b","","","14","55e4c1c8f7e0c519f1000000","LGA B1","53c80e3a33356200021b0000"
"2015-10-11T17:31:00.000Z","2015-10-19T18:36:05.700Z","5625381559949a34baef6cf1","","","5","55e4c1c8f7e0c519f1000000","LGA B1","53c80e3a33356200021b0000"
"2015-10-11T17:41:00.000Z","2015-10-19T18:36:08.351Z","5625381896773d32b8c386c0","","","0","55e4c1c8f7e0c519f1000000","LGA B1","53c80e3a33356200021b0000"
"2015-10-11T18:11:00.000Z","2015-10-19T18:36:10.314Z","5625381a96773d32b3bc4f01","","","0","55e4c1c8f7e0c519f1000000","LGA B1","53c80e3a33356200021b0000"
"2015-10-11T18:21:00.000Z","2015-10-19T18:36:12.429Z","5625381c90e4bd3867643920","","","23","55e4c1c8f7e0c519f1000000","LGA B1","53c80e3a33356200021b0000"
"2015-10-11T18:31:00.000Z","2015-10-19T18:36:13.116Z","5625381dd2eaaa36c4a15607","","","15","55e4c1c8f7e0c519f1000000","LGA B1","53c80e3a33356200021b0000"
"2015-10-11T18:41:00.000Z","2015-10-19T18:36:13.473Z","5625381d90e4bd387281f13b","","","17","55e4c1c8f7e0c519f1000000","LGA B1","53c80e3a33356200021b0000"
"2015-10-11T18:51:00.000Z","2015-10-19T18:36:16.408Z","5625382046f9a73a3f4179ed","","","42","55e4c1c8f7e0c519f1000000","LGA B1","53c80e3a33356200021b0000"
"2015-10-11T19:01:00.000Z","2015-10-19T18:36:17.388Z","5625382146f9a73a3b4e4965","","","19","55e4c1c8f7e0c519f1000000","LGA B1","53c80e3a33356200021b0000"
"2015-10-11T19:21:00.000Z","2015-10-19T18:36:18.829Z","5625382246f9a73a40c61293","","","15","55e4c1c8f7e0c519f1000000","LGA B1","53c80e3a33356200021b0000"
"2015-10-11T19:31:00.000Z","2015-10-19T18:36:20.613Z","5625382490e4bd386334f904","","","31","55e4c1c8f7e0c519f1000000","LGA B1","53c80e3a33356200021b0000"
"2015-10-11T19:51:00.000Z","2015-10-19T18:36:21.687Z","5625382596773d32b3bc508e","","","15","55e4c1c8f7e0c519f1000000","LGA B1","53c80e3a33356200021b0000"
"2015-10-11T20:01:00.000Z","2015-10-19T18:36:22.014Z","5625382646f9a73a40c61303","","","6","55e4c1c8f7e0c519f1000000","LGA B1","53c80e3a33356200021b0000"
"2015-10-11T20:21:00.000Z","2015-10-19T18:36:22.655Z","56253826672e6c4220093235","","","9","55e4c1c8f7e0c519f1000000","LGA B1","53c80e3a33356200021b0000"
"2015-10-11T20:31:00.000Z","2015-10-19T18:36:24.006Z","562538286f31a22ffdd8ae04","","","18","55e4c1c8f7e0c519f1000000","LGA B1","53c80e3a33356200021b0000"
"2015-10-11T20:41:00.000Z","2015-10-19T18:36:24.705Z","56253828d2eaaa36c4a156f0","","","16","55e4c1c8f7e0c519f1000000","LGA B1","53c80e3a33356200021b0000"
"2015-10-11T20:51:00.000Z","2015-10-19T18:36:26.151Z","5625382a59949a34ca129fc9","","","30","55e4c1c8f7e0c519f1000000","LGA B1","53c80e3a33356200021b0000"
"2015-10-11T21:01:00.000Z","2015-10-19T18:36:26.822Z","5625382a59949a34bf27737e","","","28","55e4c1c8f7e0c519f1000000","LGA B1","53c80e3a33356200021b0000"
"2015-10-11T21:11:00.000Z","2015-10-19T18:36:27.525Z","5625382b672e6c421ee841ba","","","24","55e4c1c8f7e0c519f1000000","LGA B1","53c80e3a33356200021b0000"
"2015-10-11T21:21:00.000Z","2015-10-19T18:36:27.935Z","5625382b46f9a73a4c049c56","","","21","55e4c1c8f7e0c519f1000000","LGA B1","53c80e3a33356200021b0000"
"2015-10-11T21:31:00.000Z","2015-10-19T18:36:30.268Z","5625382e46f9a73a40c613f6","","","3","55e4c1c8f7e0c519f1000000","LGA B1","53c80e3a33356200021b0000"
"2015-10-11T21:41:00.000Z","2015-10-19T18:36:30.716Z","5625382ed2eaaa36c39f44fc","","","1","55e4c1c8f7e0c519f1000000","LGA B1","53c80e3a33356200021b0000"
"2015-10-11T19:00:00.000Z","2015-10-19T18:36:32.440Z","5625383090e4bd387281f2e8","","","5","55e4c1c8f7e0c519f1000000","LGA B1","53c80e3a33356200021b0000"
"2015-10-11T22:01:00.000Z","2015-10-19T18:36:46.455Z","5625383e46f9a73a4186ad20","","","18","55e4c1c8f7e0c519f1000000","LGA B1","53c80e3a33356200021b0000"
"2015-10-11T22:11:00.000Z","2015-10-19T18:36:47.197Z","5625383fd2eaaa36c854d18e","","","29","55e4c1c8f7e0c519f1000000","LGA B1","53c80e3a33356200021b0000"
"2015-10-11T22:21:00.000Z","2015-10-19T18:36:51.023Z","56253843672e6c422bccf05f","","","31","55e4c1c8f7e0c519f1000000","LGA B1","53c80e3a33356200021b0000"
"2015-10-11T22:31:00.000Z","2015-10-19T18:36:51.763Z","5625384396773d32b23a0d20","","","4","55e4c1c8f7e0c519f1000000","LGA B1","53c80e3a33356200021b0000"
"2015-10-11T22:41:00.000Z","2015-10-19T18:36:54.269Z","5625384690e4bd386530f5d3","","","5","55e4c1c8f7e0c519f1000000","LGA B1","53c80e3a33356200021b0000"
"2015-10-11T22:51:00.000Z","2015-10-19T18:36:54.612Z","5625384646f9a73a4de0d91f","","","16","55e4c1c8f7e0c519f1000000","LGA B1","53c80e3a33356200021b0000"
"2015-10-11T23:01:00.000Z","2015-10-19T18:36:55.247Z","56253847d2eaaa36d4f71a2f","","","5","55e4c1c8f7e0c519f1000000","LGA B1","53c80e3a33356200021b0000"
"2015-10-11T23:11:00.000Z","2015-10-19T18:36:56.442Z","562538486f31a22ff7b9676f","","","8","55e4c1c8f7e0c519f1000000","LGA B1","53c80e3a33356200021b0000"
"2015-10-11T23:41:00.000Z","2015-10-19T18:37:00.323Z","5625384c46f9a73a3ee7596e","","","19","55e4c1c8f7e0c519f1000000","LGA B1","53c80e3a33356200021b0000"
"2015-10-11T23:51:00.000Z","2015-10-19T18:37:00.961Z","5625384c90e4bd3874089eb2","","","0","55e4c1c8f7e0c519f1000000","LGA B1","53c80e3a33356200021b0000"
"2015-10-12T00:01:00.000Z","2015-10-19T18:37:01.653Z","5625384d672e6c422c89843d","","","0","55e4c1c8f7e0c519f1000000","LGA B1","53c80e3a33356200021b0000"
"2015-10-12T00:11:00.000Z","2015-10-19T18:37:02.349Z","5625384e59949a34b85441d0","","","7","55e4c1c8f7e0c519f1000000","LGA B1","53c80e3a33356200021b0000"
"2015-10-12T00:31:00.000Z","2015-10-19T18:37:03.389Z","5625384fd2eaaa36c17dc6aa","","","5","55e4c1c8f7e0c519f1000000","LGA B1","53c80e3a33356200021b0000"
"2015-10-12T00:41:00.000Z","2015-10-19T18:38:20.293Z","5625389c46f9a73a3ee76020","","","1","55e4c1c8f7e0c519f1000000","LGA B1","53c80e3a33356200021b0000"
"2015-10-12T01:21:00.000Z","2015-10-19T18:38:24.214Z","562538a090e4bd3872821025","","","21","55e4c1c8f7e0c519f1000000","LGA B1","53c80e3a33356200021b0000"
"2015-10-12T01:31:00.000Z","2015-10-19T18:38:24.625Z","562538a0672e6c4220093f89","","","16","55e4c1c8f7e0c519f1000000","LGA B1","53c80e3a33356200021b0000"
"2015-10-12T01:41:00.000Z","2015-10-19T18:38:25.344Z","562538a196773d32c580f813","","","10","55e4c1c8f7e0c519f1000000","LGA B1","53c80e3a33356200021b0000"
"2015-10-12T02:01:00.000Z","2015-10-19T18:38:25.684Z","562538a159949a34bf277e47","","","15","55e4c1c8f7e0c519f1000000","LGA B1","53c80e3a33356200021b0000"
"2015-10-12T02:11:00.000Z","2015-10-19T18:38:26.066Z","562538a26f31a23000b1c4ea","","","15","55e4c1c8f7e0c519f1000000","LGA B1","53c80e3a33356200021b0000"
"2015-10-12T02:21:00.000Z","2015-10-19T18:38:28.993Z","562538a4d2eaaa36c598e1de","","","6","55e4c1c8f7e0c519f1000000","LGA B1","53c80e3a33356200021b0000"
"2015-10-12T02:31:00.000Z","2015-10-19T18:38:29.708Z","562538a590e4bd3866e6c5f7","","","9","55e4c1c8f7e0c519f1000000","LGA B1","53c80e3a33356200021b0000"
"2015-10-12T02:41:00.000Z","2015-10-19T18:38:30.053Z","562538a690e4bd38633504c3","","","1","55e4c1c8f7e0c519f1000000","LGA B1","53c80e3a33356200021b0000"
"2015-10-12T02:51:00.000Z","2015-10-19T18:38:30.771Z","562538a6672e6c42215df45e","","","0","55e4c1c8f7e0c519f1000000","LGA B1","53c80e3a33356200021b0000"
"2015-10-12T03:01:00.000Z","2015-10-19T18:38:31.444Z","562538a759949a34cbb68da8","","","0","55e4c1c8f7e0c519f1000000","LGA B1","53c80e3a33356200021b0000"
"2015-10-12T03:11:00.000Z","2015-10-19T18:38:31.803Z","562538a796773d32ba64ae9f","","","0","55e4c1c8f7e0c519f1000000","LGA B1","53c80e3a33356200021b0000"
"2015-10-12T03:21:00.000Z","2015-10-19T18:38:32.600Z","562538a8672e6c421d502236","","","25","55e4c1c8f7e0c519f1000000","LGA B1","53c80e3a33356200021b0000"
"2015-10-12T03:31:00.000Z","2015-10-19T18:38:33.296Z","562538a990e4bd387517c0e3","","","24","55e4c1c8f7e0c519f1000000","LGA B1","53c80e3a33356200021b0000"
"2015-10-12T03:41:00.000Z","2015-10-19T18:38:35.006Z","562538ab6f31a2300a34caf1","","","29","55e4c1c8f7e0c519f1000000","LGA B1","53c80e3a33356200021b0000"
"2015-10-12T03:51:00.000Z","2015-10-19T18:38:35.494Z","562538ab96773d32c42ef23a","","","10","55e4c1c8f7e0c519f1000000","LGA B1","53c80e3a33356200021b0000"
"2015-10-12T04:01:00.000Z","2015-10-19T18:38:36.380Z","562538ac46f9a73a4186b690","","","30","55e4c1c8f7e0c519f1000000","LGA B1","53c80e3a33356200021b0000"
"2015-10-12T04:11:00.000Z","2015-10-19T18:38:37.056Z","562538ad59949a34bd056bd0","","","1","55e4c1c8f7e0c519f1000000","LGA B1","53c80e3a33356200021b0000"
"2015-10-12T04:31:00.000Z","2015-10-19T18:38:38.638Z","562538ae46f9a73a3ee761ae","","","0","55e4c1c8f7e0c519f1000000","LGA B1","53c80e3a33356200021b0000"
"2015-10-12T04:41:00.000Z","2015-10-19T18:38:38.972Z","562538aed2eaaa36c26355ed","","","0","55e4c1c8f7e0c519f1000000","LGA B1","53c80e3a33356200021b0000"
"2015-10-12T04:51:00.000Z","2015-10-19T18:38:39.666Z","562538af6f31a22ffe9d878c","","","0","55e4c1c8f7e0c519f1000000","LGA B1","53c80e3a33356200021b0000"
"2015-10-12T05:01:00.000Z","2015-10-19T18:38:40.407Z","562538b046f9a73a3984ba87","","","0","55e4c1c8f7e0c519f1000000","LGA B1","53c80e3a33356200021b0000"
"2015-10-12T15:00:00.000Z","2015-10-19T18:38:41.146Z","562538b1672e6c422d16f9ef","","","0","55e4c1c8f7e0c519f1000000","LGA B1","53c80e3a33356200021b0000"
"2015-10-12T05:21:00.000Z","2015-10-19T18:38:41.936Z","562538b1672e6c42196090be","","","0","55e4c1c8f7e0c519f1000000","LGA B1","53c80e3a33356200021b0000"
"2015-10-12T05:41:00.000Z","2015-10-19T18:38:42.668Z","562538b26f31a2300a34cba8","","","0","55e4c1c8f7e0c519f1000000","LGA B1","53c80e3a33356200021b0000"
"2015-10-12T05:51:00.000Z","2015-10-19T18:38:43.382Z","562538b359949a34bb3de651","","","0","55e4c1c8f7e0c519f1000000","LGA B1","53c80e3a33356200021b0000"
"2015-10-12T06:01:00.000Z","2015-10-19T18:38:44.048Z","562538b4672e6c421afc66ab","","","0","55e4c1c8f7e0c519f1000000","LGA B1","53c80e3a33356200021b0000"
"2015-10-12T06:21:00.000Z","2015-10-19T18:38:44.399Z","562538b4672e6c421cd9c457","","","0","55e4c1c8f7e0c519f1000000","LGA B1","53c80e3a33356200021b0000"
"2015-10-12T06:31:00.000Z","2015-10-19T18:38:44.740Z","562538b496773d32c351ebc6","","","0","55e4c1c8f7e0c519f1000000","LGA B1","53c80e3a33356200021b0000"
"2015-10-12T06:41:00.000Z","2015-10-19T18:38:45.089Z","562538b559949a34b8544ec5","","","0","55e4c1c8f7e0c519f1000000","LGA B1","53c80e3a33356200021b0000"
"2015-10-12T06:51:00.000Z","2015-10-19T18:38:45.449Z","562538b5672e6c421bd59ed7","","","0","55e4c1c8f7e0c519f1000000","LGA B1","53c80e3a33356200021b0000"
"2015-10-12T07:01:00.000Z","2015-10-19T18:38:46.016Z","562538b66f31a23000b1c66e","","","0","55e4c1c8f7e0c519f1000000","LGA B1","53c80e3a33356200021b0000"
"2015-10-12T07:11:00.000Z","2015-10-19T18:38:48.309Z","562538b8672e6c422c898ec3","","","0","55e4c1c8f7e0c519f1000000","LGA B1","53c80e3a33356200021b0000"
"2015-10-12T07:21:00.000Z","2015-10-19T18:38:50.659Z","562538ba46f9a73a4de0f7f5","","","0","55e4c1c8f7e0c519f1000000","LGA B1","53c80e3a33356200021b0000"
"2015-10-12T07:31:00.000Z","2015-10-19T18:38:51.001Z","562538bb46f9a73a4e431d4d","","","0","55e4c1c8f7e0c519f1000000","LGA B1","53c80e3a33356200021b0000"
"2015-10-12T07:41:00.000Z","2015-10-19T18:38:51.711Z","562538bb6f31a22ffbbddc3d","","","1","55e4c1c8f7e0c519f1000000","LGA B1","53c80e3a33356200021b0000"
"2015-10-12T07:51:00.000Z","2015-10-19T18:38:52.429Z","562538bc96773d32c351eca3","","","0","55e4c1c8f7e0c519f1000000","LGA B1","53c80e3a33356200021b0000"
"2015-10-12T08:01:00.000Z","2015-10-19T18:38:53.066Z","562538bd46f9a73a4e431d69","","","0","55e4c1c8f7e0c519f1000000","LGA B1","53c80e3a33356200021b0000"
"2015-10-12T08:11:00.000Z","2015-10-19T18:38:53.532Z","562538bd6f31a22ff7b97276","","","0","55e4c1c8f7e0c519f1000000","LGA B1","53c80e3a33356200021b0000"
"2015-10-12T08:21:00.000Z","2015-10-19T18:38:53.888Z","562538bd90e4bd38633506d6","","","0","55e4c1c8f7e0c519f1000000","LGA B1","53c80e3a33356200021b0000"
"2015-10-12T08:31:00.000Z","2015-10-19T18:38:54.249Z","562538be672e6c421ee85110","","","0","55e4c1c8f7e0c519f1000000","LGA B1","53c80e3a33356200021b0000"
"2015-10-12T08:41:00.000Z","2015-10-19T18:38:54.968Z","562538be46f9a73a4e431d82","","","0","55e4c1c8f7e0c519f1000000","LGA B1","53c80e3a33356200021b0000"
"2015-10-12T08:51:00.000Z","2015-10-19T18:38:56.010Z","562538c06f31a22ffe9d88e2","","","0","55e4c1c8f7e0c519f1000000","LGA B1","53c80e3a33356200021b0000"
"2015-10-12T09:01:00.000Z","2015-10-19T18:38:57.125Z","562538c1d2eaaa36c598e439","","","0","55e4c1c8f7e0c519f1000000","LGA B1","53c80e3a33356200021b0000"
"2015-10-12T09:11:00.000Z","2015-10-19T18:38:57.989Z","562538c1d2eaaa36c39f5236","","","0","55e4c1c8f7e0c519f1000000","LGA B1","53c80e3a33356200021b0000"
"2015-10-12T21:21:00.000Z","2015-10-19T18:38:58.833Z","562538c296773d32c6fb9d46","","","0","55e4c1c8f7e0c519f1000000","LGA B1","53c80e3a33356200021b0000"
"2015-10-12T09:31:00.000Z","2015-10-19T18:38:59.979Z","562538c3672e6c421bd5a010","","","0","55e4c1c8f7e0c519f1000000","LGA B1","53c80e3a33356200021b0000"
"2015-10-12T09:41:00.000Z","2015-10-19T18:39:00.910Z","562538c496773d32b16d0c47","","","0","55e4c1c8f7e0c519f1000000","LGA B1","53c80e3a33356200021b0000"
"2015-10-12T09:51:00.000Z","2015-10-19T18:39:01.689Z","562538c546f9a73a3a8df748","","","0","55e4c1c8f7e0c519f1000000","LGA B1","53c80e3a33356200021b0000"
"2015-10-12T10:01:00.000Z","2015-10-19T18:39:02.033Z","562538c690e4bd3872821332","","","0","55e4c1c8f7e0c519f1000000","LGA B1","53c80e3a33356200021b0000"
"2015-10-12T10:11:00.000Z","2015-10-19T18:39:02.724Z","562538c659949a34c8e5933b","","","0","55e4c1c8f7e0c519f1000000","LGA B1","53c80e3a33356200021b0000"
"2015-10-12T10:21:00.000Z","2015-10-19T18:39:03.096Z","562538c759949a34b8545032","","","0","55e4c1c8f7e0c519f1000000","LGA B1","53c80e3a33356200021b0000"
"2015-10-12T10:31:00.000Z","2015-10-19T18:39:03.482Z","562538c76f31a2300c3ab738","","","0","55e4c1c8f7e0c519f1000000","LGA B1","53c80e3a33356200021b0000"
"2015-10-12T10:41:00.000Z","2015-10-19T18:39:03.828Z","562538c790e4bd387320a646","","","0","55e4c1c8f7e0c519f1000000","LGA B1","53c80e3a33356200021b0000"
"2015-10-12T10:51:00.000Z","2015-10-19T18:39:04.570Z","562538c8672e6c42196092dc","","","0","55e4c1c8f7e0c519f1000000","LGA B1","53c80e3a33356200021b0000"
"2015-10-12T11:01:00.000Z","2015-10-19T18:39:05.254Z","562538c9672e6c422c898fe5","","","0","55e4c1c8f7e0c519f1000000","LGA B1","53c80e3a33356200021b0000"
"2015-10-12T11:11:00.000Z","2015-10-19T18:39:05.618Z","562538c959949a34bf2781b8","","","0","55e4c1c8f7e0c519f1000000","LGA B1","53c80e3a33356200021b0000"
"2015-10-12T11:21:00.000Z","2015-10-19T18:39:06.385Z","562538ca46f9a73a4220560c","","","0","55e4c1c8f7e0c519f1000000","LGA B1","53c80e3a33356200021b0000"
"2015-10-12T11:31:00.000Z","2015-10-19T18:39:06.744Z","562538ca672e6c422bccff38","","","0","55e4c1c8f7e0c519f1000000","LGA B1","53c80e3a33356200021b0000"
"2015-10-12T11:41:00.000Z","2015-10-19T18:39:07.158Z","562538cb6f31a22ffab2a2b3","","","3","55e4c1c8f7e0c519f1000000","LGA B1","53c80e3a33356200021b0000"
"2015-10-12T11:51:00.000Z","2015-10-19T18:39:07.910Z","562538cb96773d32c42ef4b9","","","23","55e4c1c8f7e0c519f1000000","LGA B1","53c80e3a33356200021b0000"
"2015-10-12T12:01:00.000Z","2015-10-19T18:39:08.738Z","562538cc59949a34bd056e8f","","","30","55e4c1c8f7e0c519f1000000","LGA B1","53c80e3a33356200021b0000"
"2015-10-12T12:11:00.000Z","2015-10-19T18:39:09.361Z","562538cd46f9a73a3f418e07","","","20","55e4c1c8f7e0c519f1000000","LGA B1","53c80e3a33356200021b0000"
"2015-10-12T12:21:00.000Z","2015-10-19T18:39:09.699Z","562538cd46f9a73a4b17a5a6","","","1","55e4c1c8f7e0c519f1000000","LGA B1","53c80e3a33356200021b0000"
"2015-10-12T12:31:00.000Z","2015-10-19T18:39:12.250Z","562538d06f31a22ffcfb4f85","","","0","55e4c1c8f7e0c519f1000000","LGA B1","53c80e3a33356200021b0000"
"2015-10-12T12:51:00.000Z","2015-10-19T18:39:13.034Z","562538d16f31a2300a34ce1a","","","13","55e4c1c8f7e0c519f1000000","LGA B1","53c80e3a33356200021b0000"
"2015-10-12T13:01:00.000Z","2015-10-19T18:39:14.003Z","562538d290e4bd3860b6bae3","","","51","55e4c1c8f7e0c519f1000000","LGA B1","53c80e3a33356200021b0000"
"2015-10-12T13:11:00.000Z","2015-10-19T18:39:14.380Z","562538d246f9a73a3984bd63","","","15","55e4c1c8f7e0c519f1000000","LGA B1","53c80e3a33356200021b0000"
"2015-10-12T13:21:00.000Z","2015-10-19T18:39:15.104Z","562538d359949a34b68542ce","","","42","55e4c1c8f7e0c519f1000000","LGA B1","53c80e3a33356200021b0000"
"2015-10-12T13:31:00.000Z","2015-10-19T18:39:15.499Z","562538d396773d32ba64b29b","","","20","55e4c1c8f7e0c519f1000000","LGA B1","53c80e3a33356200021b0000"
"2015-10-12T13:41:00.000Z","2015-10-19T18:39:16.198Z","562538d490e4bd3860b6bb5b","","","11","55e4c1c8f7e0c519f1000000","LGA B1","53c80e3a33356200021b0000"
"2015-10-12T13:51:00.000Z","2015-10-19T18:39:16.891Z","562538d4d2eaaa36c598e616","","","20","55e4c1c8f7e0c519f1000000","LGA B1","53c80e3a33356200021b0000"
"2015-10-12T14:01:00.000Z","2015-10-19T18:39:17.186Z","562538d559949a34b68542f2","","","12","55e4c1c8f7e0c519f1000000","LGA B1","53c80e3a33356200021b0000"
"2015-10-12T14:11:00.000Z","2015-10-19T18:39:17.855Z","562538d546f9a73a3b4e5a24","","","15","55e4c1c8f7e0c519f1000000","LGA B1","53c80e3a33356200021b0000"
"2015-10-12T14:21:00.000Z","2015-10-19T18:39:18.540Z","562538d6d2eaaa36d4f72737","","","21","55e4c1c8f7e0c519f1000000","LGA B1","53c80e3a33356200021b0000"
"2015-10-12T14:31:00.000Z","2015-10-19T18:39:18.887Z","562538d696773d32b4f86bbe","","","20","55e4c1c8f7e0c519f1000000","LGA B1","53c80e3a33356200021b0000"
"2015-10-12T14:41:00.000Z","2015-10-19T18:39:20.183Z","562538d846f9a73a4c04b2b5","","","6","55e4c1c8f7e0c519f1000000","LGA B1","53c80e3a33356200021b0000"
"2015-10-12T14:51:00.000Z","2015-10-19T18:39:22.467Z","562538da672e6c421cd9c792","","","11","55e4c1c8f7e0c519f1000000","LGA B1","53c80e3a33356200021b0000"
"2015-10-12T15:01:00.000Z","2015-10-19T18:39:23.972Z","562538db96773d32b69a799e","","","25","55e4c1c8f7e0c519f1000000","LGA B1","53c80e3a33356200021b0000"
"2015-10-12T15:11:00.000Z","2015-10-19T18:39:28.692Z","562538e0d2eaaa36c782a4b6","","","20","55e4c1c8f7e0c519f1000000","LGA B1","53c80e3a33356200021b0000"
"2015-10-12T15:21:00.000Z","2015-10-19T18:39:29.476Z","562538e190e4bd3866e6cba1","","","20","55e4c1c8f7e0c519f1000000","LGA B1","53c80e3a33356200021b0000"
"2015-10-12T15:31:00.000Z","2015-10-19T18:39:29.824Z","562538e1d2eaaa36d3e75406","","","27","55e4c1c8f7e0c519f1000000","LGA B1","53c80e3a33356200021b0000"
"2015-10-12T15:41:00.000Z","2015-10-19T18:39:30.414Z","562538e296773d32b593b47a","","","16","55e4c1c8f7e0c519f1000000","LGA B1","53c80e3a33356200021b0000"
"2015-10-12T15:51:00.000Z","2015-10-19T18:39:32.484Z","562538e4d2eaaa36c598e781","","","18","55e4c1c8f7e0c519f1000000","LGA B1","53c80e3a33356200021b0000"
"2015-10-12T16:01:00.000Z","2015-10-19T18:39:33.995Z","562538e596773d32c580fe80","","","4","55e4c1c8f7e0c519f1000000","LGA B1","53c80e3a33356200021b0000"
"2015-10-12T16:11:00.000Z","2015-10-19T18:39:34.431Z","562538e6672e6c421d50276c","","","0","55e4c1c8f7e0c519f1000000","LGA B1","53c80e3a33356200021b0000"
"2015-10-11T05:01:00.000Z","2015-10-19T18:39:51.006Z","562538f7672e6c4220094997","","","0","55e4c1c8f7e0c519f1000000","LGA B1","53c80e3a33356200021b0000"
"2015-10-11T05:11:00.000Z","2015-10-19T18:39:51.349Z","562538f7672e6c421f7b4153","","","0","55e4c1c8f7e0c519f1000000","LGA B1","53c80e3a33356200021b0000"
"2015-10-11T05:21:00.000Z","2015-10-19T18:39:51.769Z","562538f7d2eaaa36d4f72a27","","","0","55e4c1c8f7e0c519f1000000","LGA B1","53c80e3a33356200021b0000"
"2015-10-11T05:41:00.000Z","2015-10-19T18:39:52.176Z","562538f86f31a2300b574a63","","","0","55e4c1c8f7e0c519f1000000","LGA B1","53c80e3a33356200021b0000"
"2015-10-11T05:51:00.000Z","2015-10-19T18:39:52.533Z","562538f8d2eaaa36d3e755f6","","","0","55e4c1c8f7e0c519f1000000","LGA B1","53c80e3a33356200021b0000"
"2015-10-11T06:01:00.000Z","2015-10-19T18:39:52.871Z","562538f8672e6c42184f8d86","","","0","55e4c1c8f7e0c519f1000000","LGA B1","53c80e3a33356200021b0000"
"2015-10-11T06:11:00.000Z","2015-10-19T18:39:53.201Z","562538f9672e6c422bcd0344","","","0","55e4c1c8f7e0c519f1000000","LGA B1","53c80e3a33356200021b0000"
"2015-10-11T06:21:00.000Z","2015-10-19T18:39:54.215Z","562538fa90e4bd38640ecf95","","","0","55e4c1c8f7e0c519f1000000","LGA B1","53c80e3a33356200021b0000"
"2015-10-11T06:31:00.000Z","2015-10-19T18:39:54.595Z","562538fa96773d32b23a1eef","","","0","55e4c1c8f7e0c519f1000000","LGA B1","53c80e3a33356200021b0000"
"2015-10-11T06:51:00.000Z","2015-10-19T18:39:54.952Z","562538fa59949a34bd0572bd","","","0","55e4c1c8f7e0c519f1000000","LGA B1","53c80e3a33356200021b0000"
"2015-10-16T22:43:00.000Z","2015-10-26T16:59:44.080Z","562e5c006f31a2130cf53d19","","","1","55e4c1c8f7e0c519f1000000","LGA B1","53c80e3a33356200021b0000"
"2015-10-16T22:53:00.000Z","2015-10-26T16:59:44.430Z","562e5c00d2eaaa1bfbecb59c","","","2","55e4c1c8f7e0c519f1000000","LGA B1","53c80e3a33356200021b0000"
"2015-10-16T23:03:00.000Z","2015-10-26T16:59:44.803Z","562e5c00d2eaaa1c04c85379","","","0","55e4c1c8f7e0c519f1000000","LGA B1","53c80e3a33356200021b0000"
"2015-10-16T23:13:00.000Z","2015-10-26T16:59:50.197Z","562e5c06d2eaaa1c0de5872e","","","11","55e4c1c8f7e0c519f1000000","LGA B1","53c80e3a33356200021b0000"
"2015-10-16T23:23:00.000Z","2015-10-26T16:59:53.678Z","562e5c0996773d16cc1b755e","","","30","55e4c1c8f7e0c519f1000000","LGA B1","53c80e3a33356200021b0000"
"2015-10-16T23:33:00.000Z","2015-10-26T16:59:54.512Z","562e5c0a6f31a2130d6689f4","","","9","55e4c1c8f7e0c519f1000000","LGA B1","53c80e3a33356200021b0000"
"2015-10-16T23:43:00.000Z","2015-10-26T16:59:58.840Z","562e5c0e90e4bd1c292fe7f8","","","1","55e4c1c8f7e0c519f1000000","LGA B1","53c80e3a33356200021b0000"
"2015-10-16T23:53:00.000Z","2015-10-26T16:59:59.531Z","562e5c0f6f31a21313586595","","","2","55e4c1c8f7e0c519f1000000","LGA B1","53c80e3a33356200021b0000"
"2015-10-17T00:03:00.000Z","2015-10-26T17:00:01.759Z","562e5c11672e6c2672e2b027","","","0","55e4c1c8f7e0c519f1000000","LGA B1","53c80e3a33356200021b0000"
"2015-10-17T00:13:00.000Z","2015-10-26T17:00:03.817Z","562e5c13672e6c267f6cecff","","","2","55e4c1c8f7e0c519f1000000","LGA B1","53c80e3a33356200021b0000"
"2015-10-17T00:23:00.000Z","2015-10-26T17:00:06.781Z","562e5c1646f9a71d91ae7892","","","30","55e4c1c8f7e0c519f1000000","LGA B1","53c80e3a33356200021b0000"
"2015-10-17T00:33:00.000Z","2015-10-26T17:00:11.710Z","562e5c1b59949a19843a5968","","","6","55e4c1c8f7e0c519f1000000","LGA B1","53c80e3a33356200021b0000"
"2015-10-17T00:43:00.000Z","2015-10-26T17:00:12.780Z","562e5c1c672e6c267eec43f0","","","0","55e4c1c8f7e0c519f1000000","LGA B1","53c80e3a33356200021b0000"
"2015-10-17T00:53:00.000Z","2015-10-26T17:00:15.011Z","562e5c1fd2eaaa1bfe98e3d8","","","0","55e4c1c8f7e0c519f1000000","LGA B1","53c80e3a33356200021b0000"
"2015-10-17T01:03:00.000Z","2015-10-26T17:00:16.013Z","562e5c20d2eaaa1c04c85763","","","2","55e4c1c8f7e0c519f1000000","LGA B1","53c80e3a33356200021b0000"
"2015-10-17T01:13:00.000Z","2015-10-26T17:00:16.771Z","562e5c20672e6c2672e2b2bd","","","3","55e4c1c8f7e0c519f1000000","LGA B1","53c80e3a33356200021b0000"
"2015-10-17T01:23:00.000Z","2015-10-26T17:00:21.055Z","562e5c2590e4bd1c2fa02cd0","","","20","55e4c1c8f7e0c519f1000000","LGA B1","53c80e3a33356200021b0000"
"2015-10-17T01:33:00.000Z","2015-10-26T17:00:22.207Z","562e5c26d2eaaa1c0049f023","","","18","55e4c1c8f7e0c519f1000000","LGA B1","53c80e3a33356200021b0000"
"2015-10-17T01:43:00.000Z","2015-10-26T17:00:23.576Z","562e5c2746f9a71d8aecff6f","","","30","55e4c1c8f7e0c519f1000000","LGA B1","53c80e3a33356200021b0000"
"2015-10-17T01:53:00.000Z","2015-10-26T17:00:26.951Z","562e5c2a672e6c266b1f8539","","","15","55e4c1c8f7e0c519f1000000","LGA B1","53c80e3a33356200021b0000"
"2015-10-17T02:03:00.000Z","2015-10-26T17:00:28.576Z","562e5c2c46f9a71d9e7991a2","","","9","55e4c1c8f7e0c519f1000000","LGA B1","53c80e3a33356200021b0000"
"2015-10-17T02:13:00.000Z","2015-10-26T17:00:29.600Z","562e5c2d672e6c267eec45f6","","","0","55e4c1c8f7e0c519f1000000","LGA B1","53c80e3a33356200021b0000"
"2015-10-17T02:23:00.000Z","2015-10-26T17:00:30.592Z","562e5c2e6f31a2130a8d83df","","","13","55e4c1c8f7e0c519f1000000","LGA B1","53c80e3a33356200021b0000"
"2015-10-17T02:33:00.000Z","2015-10-26T17:00:31.816Z","562e5c2f90e4bd1c2b1afc9b","","","16","55e4c1c8f7e0c519f1000000","LGA B1","53c80e3a33356200021b0000"
"2015-10-17T02:43:00.000Z","2015-10-26T17:00:32.489Z","562e5c3046f9a71d93034029","","","18","55e4c1c8f7e0c519f1000000","LGA B1","53c80e3a33356200021b0000"
"2015-10-17T02:53:00.000Z","2015-10-26T17:00:33.515Z","562e5c3146f9a71d9303403e","","","18","55e4c1c8f7e0c519f1000000","LGA B1","53c80e3a33356200021b0000"
"2015-10-17T03:03:00.000Z","2015-10-26T17:00:37.182Z","562e5c3596773d16cbe52834","","","16","55e4c1c8f7e0c519f1000000","LGA B1","53c80e3a33356200021b0000"
"2015-10-17T03:13:00.000Z","2015-10-26T17:00:39.113Z","562e5c37d2eaaa1bff4f951f","","","22","55e4c1c8f7e0c519f1000000","LGA B1","53c80e3a33356200021b0000"
"2015-10-17T03:23:00.000Z","2015-10-26T17:00:39.807Z","562e5c3746f9a71d9e7992a9","","","18","55e4c1c8f7e0c519f1000000","LGA B1","53c80e3a33356200021b0000"
"2015-10-17T03:33:00.000Z","2015-10-26T17:00:40.511Z","562e5c38d2eaaa1c02e079f4","","","20","55e4c1c8f7e0c519f1000000","LGA B1","53c80e3a33356200021b0000"
"2015-10-17T03:43:00.000Z","2015-10-26T17:00:48.421Z","562e5c4090e4bd1c3b125d3f","","","14","55e4c1c8f7e0c519f1000000","LGA B1","53c80e3a33356200021b0000"
"2015-10-17T03:53:00.000Z","2015-10-26T17:00:49.480Z","562e5c4159949a197ec5bb03","","","17","55e4c1c8f7e0c519f1000000","LGA B1","53c80e3a33356200021b0000"
"2015-10-17T04:03:00.000Z","2015-10-26T17:00:53.254Z","562e5c45672e6c267d494776","","","0","55e4c1c8f7e0c519f1000000","LGA B1","53c80e3a33356200021b0000"
"2015-10-17T04:13:00.000Z","2015-10-26T17:00:58.348Z","562e5c4ad2eaaa1c032503b4","","","0","55e4c1c8f7e0c519f1000000","LGA B1","53c80e3a33356200021b0000"
"2015-10-17T04:23:00.000Z","2015-10-26T17:01:00.161Z","562e5c4c59949a1991fa8555","","","0","55e4c1c8f7e0c519f1000000","LGA B1","53c80e3a33356200021b0000"
"2015-10-17T04:33:00.000Z","2015-10-26T17:01:02.656Z","562e5c4e6f31a21313587108","","","0","55e4c1c8f7e0c519f1000000","LGA B1","53c80e3a33356200021b0000"
"2015-10-17T04:43:00.000Z","2015-10-26T17:01:05.476Z","562e5c51672e6c266eea6dfe","","","0","55e4c1c8f7e0c519f1000000","LGA B1","53c80e3a33356200021b0000"
"2015-10-17T04:53:00.000Z","2015-10-26T17:01:08.025Z","562e5c5496773d16ca7ba7bd","","","0","55e4c1c8f7e0c519f1000000","LGA B1","53c80e3a33356200021b0000"
"2015-10-17T05:03:00.000Z","2015-10-26T17:01:09.047Z","562e5c55672e6c2670a48fdc","","","0","55e4c1c8f7e0c519f1000000","LGA B1","53c80e3a33356200021b0000"
"2015-10-17T05:13:00.000Z","2015-10-26T17:01:12.648Z","562e5c5890e4bd1c30cdd76b","","","0","55e4c1c8f7e0c519f1000000","LGA B1","53c80e3a33356200021b0000"
"2015-10-17T05:23:00.000Z","2015-10-26T17:01:14.061Z","562e5c5a90e4bd1c2ed095c1","","","0","55e4c1c8f7e0c519f1000000","LGA B1","53c80e3a33356200021b0000"
"2015-10-17T05:33:00.000Z","2015-10-26T17:01:22.416Z","562e5c6259949a1983500e08","","","0","55e4c1c8f7e0c519f1000000","LGA B1","53c80e3a33356200021b0000"
"2015-10-17T05:43:00.000Z","2015-10-26T17:01:24.407Z","562e5c64672e6c2670a49131","","","0","55e4c1c8f7e0c519f1000000","LGA B1","53c80e3a33356200021b0000"
"2015-10-17T05:53:00.000Z","2015-10-26T17:01:26.218Z","562e5c6659949a198f532003","","","0","55e4c1c8f7e0c519f1000000","LGA B1","53c80e3a33356200021b0000"
"2015-10-17T06:03:00.000Z","2015-10-26T17:01:31.007Z","562e5c6bd2eaaa1c0f7100bf","","","0","55e4c1c8f7e0c519f1000000","LGA B1","53c80e3a33356200021b0000"
"2015-10-17T06:13:00.000Z","2015-10-26T17:01:32.818Z","562e5c6c46f9a71d8d3b2980","","","0","55e4c1c8f7e0c519f1000000","LGA B1","53c80e3a33356200021b0000"
"2015-10-17T06:23:00.000Z","2015-10-26T17:01:40.311Z","562e5c7446f9a71d8cc76336","","","0","55e4c1c8f7e0c519f1000000","LGA B1","53c80e3a33356200021b0000"
"2015-10-17T06:33:00.000Z","2015-10-26T17:01:44.589Z","562e5c7890e4bd1c27c10257","","","0","55e4c1c8f7e0c519f1000000","LGA B1","53c80e3a33356200021b0000"
"2015-10-17T06:43:00.000Z","2015-10-26T17:01:46.090Z","562e5c7a46f9a71d92c01bca","","","0","55e4c1c8f7e0c519f1000000","LGA B1","53c80e3a33356200021b0000"
"2015-10-17T06:53:00.000Z","2015-10-26T17:01:50.200Z","562e5c7e96773d16c8e84bfb","","","0","55e4c1c8f7e0c519f1000000","LGA B1","53c80e3a33356200021b0000"
"2015-10-17T07:03:00.000Z","2015-10-26T17:01:51.264Z","562e5c7fd2eaaa1c1038f76b","","","0","55e4c1c8f7e0c519f1000000","LGA B1","53c80e3a33356200021b0000"
"2015-10-17T07:13:00.000Z","2015-10-26T17:01:54.692Z","562e5c8290e4bd1c2b1b0544","","","0","55e4c1c8f7e0c519f1000000","LGA B1","53c80e3a33356200021b0000"
"2015-10-17T07:23:00.000Z","2015-10-26T17:01:56.093Z","562e5c8490e4bd1c2b1b0583","","","0","55e4c1c8f7e0c519f1000000","LGA B1","53c80e3a33356200021b0000"
"2015-10-17T07:33:00.000Z","2015-10-26T17:01:57.316Z","562e5c8590e4bd1c2a09c3fe","","","0","55e4c1c8f7e0c519f1000000","LGA B1","53c80e3a33356200021b0000"
"2015-10-17T07:43:00.000Z","2015-10-26T17:01:58.109Z","562e5c86d2eaaa1c0edbfba0","","","0","55e4c1c8f7e0c519f1000000","LGA B1","53c80e3a33356200021b0000"
"2015-10-17T07:53:00.000Z","2015-10-26T17:02:01.295Z","562e5c8959949a1982adf0b4","","","0","55e4c1c8f7e0c519f1000000","LGA B1","53c80e3a33356200021b0000"
"2015-10-17T08:03:00.000Z","2015-10-26T17:02:03.276Z","562e5c8b59949a1986fb7fb7","","","0","55e4c1c8f7e0c519f1000000","LGA B1","53c80e3a33356200021b0000"
"2015-10-17T08:13:00.000Z","2015-10-26T17:02:04.210Z","562e5c8cd2eaaa1c01238a43","","","0","55e4c1c8f7e0c519f1000000","LGA B1","53c80e3a33356200021b0000"
"2015-10-17T08:23:00.000Z","2015-10-26T17:02:10.399Z","562e5c92d2eaaa1bfbecc6d1","","","0","55e4c1c8f7e0c519f1000000","LGA B1","53c80e3a33356200021b0000"
"2015-10-17T08:33:00.000Z","2015-10-26T17:02:12.349Z","562e5c94d2eaaa1bfe98efa0","","","0","55e4c1c8f7e0c519f1000000","LGA B1","53c80e3a33356200021b0000"
"2015-10-17T08:43:00.000Z","2015-10-26T17:02:20.828Z","562e5c9c90e4bd1c2dc095b3","","","0","55e4c1c8f7e0c519f1000000","LGA B1","53c80e3a33356200021b0000"
"2015-10-17T08:53:00.000Z","2015-10-26T17:02:22.600Z","562e5c9e90e4bd1c2dc095ce","","","0","55e4c1c8f7e0c519f1000000","LGA B1","53c80e3a33356200021b0000"
"2015-10-17T09:03:00.000Z","2015-10-26T17:02:24.334Z","562e5ca0672e6c266b1f926e","","","0","55e4c1c8f7e0c519f1000000","LGA B1","53c80e3a33356200021b0000"
"2015-10-17T09:13:00.000Z","2015-10-26T17:02:30.095Z","562e5ca6d2eaaa1c03250ee0","","","0","55e4c1c8f7e0c519f1000000","LGA B1","53c80e3a33356200021b0000"
"2015-10-17T09:23:00.000Z","2015-10-26T17:02:33.534Z","562e5ca990e4bd1c392b9de9","","","0","55e4c1c8f7e0c519f1000000","LGA B1","53c80e3a33356200021b0000"
"2015-10-17T09:33:00.000Z","2015-10-26T17:02:42.024Z","562e5cb296773d16da04b135","","","0","55e4c1c8f7e0c519f1000000","LGA B1","53c80e3a33356200021b0000"
"2015-10-17T09:43:00.000Z","2015-10-26T17:02:46.462Z","562e5cb696773d16d046b4c6","","","0","55e4c1c8f7e0c519f1000000","LGA B1","53c80e3a33356200021b0000"
"2015-10-17T10:03:00.000Z","2015-10-26T17:02:49.629Z","562e5cb959949a19809e4e83","","","0","55e4c1c8f7e0c519f1000000","LGA B1","53c80e3a33356200021b0000"
"2015-10-17T10:13:00.000Z","2015-10-26T17:02:53.037Z","562e5cbd6f31a2130b395e4c","","","0","55e4c1c8f7e0c519f1000000","LGA B1","53c80e3a33356200021b0000"
"2015-10-17T10:23:00.000Z","2015-10-26T17:02:56.163Z","562e5cc046f9a71d91ae8d66","","","0","55e4c1c8f7e0c519f1000000","LGA B1","53c80e3a33356200021b0000"
"2015-10-17T10:33:00.000Z","2015-10-26T17:02:57.845Z","562e5cc146f9a71d9fd04044","","","0","55e4c1c8f7e0c519f1000000","LGA B1","53c80e3a33356200021b0000"
"2015-10-17T10:43:00.000Z","2015-10-26T17:03:02.227Z","562e5cc66f31a2130a8d9544","","","0","55e4c1c8f7e0c519f1000000","LGA B1","53c80e3a33356200021b0000"
"2015-10-15T06:23:00.000Z","2015-10-26T17:03:05.431Z","562e5cc946f9a71d92c0237a","","","0","55e4c1c8f7e0c519f1000000","LGA B1","53c80e3a33356200021b0000"
"2015-10-17T10:53:00.000Z","2015-10-26T17:03:05.731Z","562e5cc990e4bd1c2b1b0f7a","","","0","55e4c1c8f7e0c519f1000000","LGA B1","53c80e3a33356200021b0000"
"2015-10-17T11:03:00.000Z","2015-10-26T17:03:10.022Z","562e5cce59949a19850dacc0","","","0","55e4c1c8f7e0c519f1000000","LGA B1","53c80e3a33356200021b0000"
"2015-10-17T11:13:00.000Z","2015-10-26T17:03:10.909Z","562e5cced2eaaa1bfe98f51a","","","0","55e4c1c8f7e0c519f1000000","LGA B1","53c80e3a33356200021b0000"
"2015-10-17T11:23:00.000Z","2015-10-26T17:03:12.108Z","562e5cd0d2eaaa1bfcbb2e6b","","","0","55e4c1c8f7e0c519f1000000","LGA B1","53c80e3a33356200021b0000"
"2015-10-17T11:33:00.000Z","2015-10-26T17:03:13.991Z","562e5cd146f9a71d9e79a199","","","0","55e4c1c8f7e0c519f1000000","LGA B1","53c80e3a33356200021b0000"
"2015-10-17T11:43:00.000Z","2015-10-26T17:03:16.213Z","562e5cd459949a1981ae1d7b","","","3","55e4c1c8f7e0c519f1000000","LGA B1","53c80e3a33356200021b0000"
"2015-10-17T11:53:00.000Z","2015-10-26T17:03:19.165Z","562e5cd76f31a2130d669ebd","","","0","55e4c1c8f7e0c519f1000000","LGA B1","53c80e3a33356200021b0000"
"2015-10-17T12:03:00.000Z","2015-10-26T17:03:24.755Z","562e5cdc90e4bd1c2ed0a247","","","0","55e4c1c8f7e0c519f1000000","LGA B1","53c80e3a33356200021b0000"
"2015-10-17T12:13:00.000Z","2015-10-26T17:03:25.957Z","562e5cdd46f9a71d8aed14c7","","","0","55e4c1c8f7e0c519f1000000","LGA B1","53c80e3a33356200021b0000"
"2015-10-17T12:23:00.000Z","2015-10-26T17:03:42.831Z","562e5cee672e6c266f9cb6fb","","","0","55e4c1c8f7e0c519f1000000","LGA B1","53c80e3a33356200021b0000"
"2015-10-17T12:33:00.000Z","2015-10-26T17:03:45.247Z","562e5cf16f31a2131358833b","","","4","55e4c1c8f7e0c519f1000000","LGA B1","53c80e3a33356200021b0000"
"2015-10-17T12:43:00.000Z","2015-10-26T17:03:46.049Z","562e5cf290e4bd1c293005d5","","","23","55e4c1c8f7e0c519f1000000","LGA B1","53c80e3a33356200021b0000"
"2015-10-17T09:53:00.000Z","2015-10-26T17:03:47.952Z","562e5cf3672e6c266f9cb74b","","","30","55e4c1c8f7e0c519f1000000","LGA B1","53c80e3a33356200021b0000"
"2015-10-17T13:03:00.000Z","2015-10-26T17:03:49.372Z","562e5cf5d2eaaa1c004a0780","","","26","55e4c1c8f7e0c519f1000000","LGA B1","53c80e3a33356200021b0000"
"2015-10-17T13:13:00.000Z","2015-10-26T17:04:02.587Z","562e5d026f31a2131e9111a7","","","25","55e4c1c8f7e0c519f1000000","LGA B1","53c80e3a33356200021b0000"
"2015-10-17T13:23:00.000Z","2015-10-26T17:04:10.876Z","562e5d0a46f9a71d8ed7fd9e","","","14","55e4c1c8f7e0c519f1000000","LGA B1","53c80e3a33356200021b0000"
"2015-10-17T13:33:00.000Z","2015-10-26T17:04:11.653Z","562e5d0b46f9a71d8ed7fe0d","","","0","55e4c1c8f7e0c519f1000000","LGA B1","53c80e3a33356200021b0000"
"2015-10-17T13:43:00.000Z","2015-10-26T17:04:12.980Z","562e5d0cd2eaaa1c04c87064","","","0","55e4c1c8f7e0c519f1000000","LGA B1","53c80e3a33356200021b0000"
"2015-10-17T13:53:00.000Z","2015-10-26T17:04:14.257Z","562e5d0e6f31a2130d66a61f","","","13","55e4c1c8f7e0c519f1000000","LGA B1","53c80e3a33356200021b0000"
"2015-10-17T14:03:00.000Z","2015-10-26T17:04:16.145Z","562e5d1059949a1992b904dc","","","23","55e4c1c8f7e0c519f1000000","LGA B1","53c80e3a33356200021b0000"
"2015-10-17T14:23:00.000Z","2015-10-26T17:04:19.800Z","562e5d13d2eaaa1bff4faff3","","","18","55e4c1c8f7e0c519f1000000","LGA B1","53c80e3a33356200021b0000"
"2015-10-17T14:33:00.000Z","2015-10-26T17:04:20.588Z","562e5d14d2eaaa1c004a0bc0","","","11","55e4c1c8f7e0c519f1000000","LGA B1","53c80e3a33356200021b0000"
"2015-10-17T14:43:00.000Z","2015-10-26T17:04:22.260Z","562e5d16672e6c266eea81ed","","","0","55e4c1c8f7e0c519f1000000","LGA B1","53c80e3a33356200021b0000"
"2015-10-17T15:03:00.000Z","2015-10-26T17:04:25.503Z","562e5d1946f9a71d8d3b3a2b","","","0","55e4c1c8f7e0c519f1000000","LGA B1","53c80e3a33356200021b0000"
"2015-10-17T15:13:00.000Z","2015-10-26T17:04:26.699Z","562e5d1a46f9a71d9cb695d4","","","7","55e4c1c8f7e0c519f1000000","LGA B1","53c80e3a33356200021b0000"
"2015-10-17T15:23:00.000Z","2015-10-26T17:04:32.718Z","562e5d20672e6c267eec62ed","","","0","55e4c1c8f7e0c519f1000000","LGA B1","53c80e3a33356200021b0000"
"2015-10-17T15:33:00.000Z","2015-10-26T17:04:33.168Z","562e5d2196773d16dbeb05b5","","","3","55e4c1c8f7e0c519f1000000","LGA B1","53c80e3a33356200021b0000"
"2015-10-17T15:43:00.000Z","2015-10-26T17:04:33.883Z","562e5d216f31a2130a8d9ed3","","","0","55e4c1c8f7e0c519f1000000","LGA B1","53c80e3a33356200021b0000"
"2015-10-17T15:53:00.000Z","2015-10-26T17:04:35.810Z","562e5d2359949a1991fa9cc9","","","6","55e4c1c8f7e0c519f1000000","LGA B1","53c80e3a33356200021b0000"
"2015-10-17T16:03:00.000Z","2015-10-26T17:04:38.538Z","562e5d2659949a199032d766","","","0","55e4c1c8f7e0c519f1000000","LGA B1","53c80e3a33356200021b0000"
"2015-10-17T16:13:00.000Z","2015-10-26T17:04:39.223Z","562e5d2746f9a71d92c02bcd","","","8","55e4c1c8f7e0c519f1000000","LGA B1","53c80e3a33356200021b0000"
"2015-10-17T16:23:00.000Z","2015-10-26T17:04:40.532Z","562e5d2859949a197d44ef5c","","","0","55e4c1c8f7e0c519f1000000","LGA B1","53c80e3a33356200021b0000"
"2015-10-17T16:33:00.000Z","2015-10-26T17:04:41.848Z","562e5d29d2eaaa1bfbecd8e1","","","11","55e4c1c8f7e0c519f1000000","LGA B1","53c80e3a33356200021b0000"
"2015-10-17T16:43:00.000Z","2015-10-26T17:04:45.998Z","562e5d2d672e6c266df43049","","","32","55e4c1c8f7e0c519f1000000","LGA B1","53c80e3a33356200021b0000"
"2015-10-17T16:53:00.000Z","2015-10-26T17:04:52.500Z","562e5d3459949a199032d84f","","","30","55e4c1c8f7e0c519f1000000","LGA B1","53c80e3a33356200021b0000"
"2015-10-17T17:03:00.000Z","2015-10-26T17:04:53.640Z","562e5d3590e4bd1c2826b5d7","","","23","55e4c1c8f7e0c519f1000000","LGA B1","53c80e3a33356200021b0000"
"2015-10-17T17:13:00.000Z","2015-10-26T17:04:55.120Z","562e5d3759949a19809e5d4e","","","50","55e4c1c8f7e0c519f1000000","LGA B1","53c80e3a33356200021b0000"
"2015-10-17T17:23:00.000Z","2015-10-26T17:05:00.245Z","562e5d3c6f31a2131e911780","","","25","55e4c1c8f7e0c519f1000000","LGA B1","53c80e3a33356200021b0000"
"2015-10-17T17:33:00.000Z","2015-10-26T17:05:02.616Z","562e5d3ed2eaaa1c004a0f6b","","","7","55e4c1c8f7e0c519f1000000","LGA B1","53c80e3a33356200021b0000"
"2015-10-17T17:43:00.000Z","2015-10-26T17:05:04.782Z","562e5d40d2eaaa1c004a0f9e","","","1","55e4c1c8f7e0c519f1000000","LGA B1","53c80e3a33356200021b0000"
"2015-10-17T17:53:00.000Z","2015-10-26T17:05:06.018Z","562e5d4290e4bd1c30cdf0d8","","","0","55e4c1c8f7e0c519f1000000","LGA B1","53c80e3a33356200021b0000"
"2015-10-17T18:30:00.000Z","2015-10-26T17:05:09.531Z","562e5d45672e6c26714c3cc1","","","1","55e4c1c8f7e0c519f1000000","LGA B1","53c80e3a33356200021b0000"
"2015-10-17T18:13:00.000Z","2015-10-26T17:05:12.215Z","562e5d4859949a197d44f1b8","","","2","55e4c1c8f7e0c519f1000000","LGA B1","53c80e3a33356200021b0000"
"2015-10-17T18:23:00.000Z","2015-10-26T17:05:14.132Z","562e5d4a46f9a71d8ed804ce","","","0","55e4c1c8f7e0c519f1000000","LGA B1","53c80e3a33356200021b0000"
"2015-10-17T18:33:00.000Z","2015-10-26T17:05:17.387Z","562e5d4d46f9a71d8f9db901","","","1","55e4c1c8f7e0c519f1000000","LGA B1","53c80e3a33356200021b0000"
"2015-10-17T18:43:00.000Z","2015-10-26T17:05:19.410Z","562e5d4f6f31a213100399f1","","","0","55e4c1c8f7e0c519f1000000","LGA B1","53c80e3a33356200021b0000"
"2015-10-17T18:53:00.000Z","2015-10-26T17:05:20.524Z","562e5d5096773d16cf3c73a4","","","0","55e4c1c8f7e0c519f1000000","LGA B1","53c80e3a33356200021b0000"
"2015-10-17T19:03:00.000Z","2015-10-26T17:05:22.007Z","562e5d526f31a2130d66b058","","","7","55e4c1c8f7e0c519f1000000","LGA B1","53c80e3a33356200021b0000"
"2015-10-17T19:13:00.000Z","2015-10-26T17:05:25.137Z","562e5d5559949a19809e5fea","","","8","55e4c1c8f7e0c519f1000000","LGA B1","53c80e3a33356200021b0000"
"2015-10-17T19:23:00.000Z","2015-10-26T17:05:27.422Z","562e5d576f31a2130d66b12d","","","1","55e4c1c8f7e0c519f1000000","LGA B1","53c80e3a33356200021b0000"
"2015-10-17T19:33:00.000Z","2015-10-26T17:05:28.708Z","562e5d586f31a21312267213","","","8","55e4c1c8f7e0c519f1000000","LGA B1","53c80e3a33356200021b0000"
"2015-10-17T19:43:00.000Z","2015-10-26T17:05:30.614Z","562e5d5a672e6c267eec6be1","","","2","55e4c1c8f7e0c519f1000000","LGA B1","53c80e3a33356200021b0000"
"2015-10-17T19:53:00.000Z","2015-10-26T17:05:33.098Z","562e5d5d59949a1981ae2a6c","","","1","55e4c1c8f7e0c519f1000000","LGA B1","53c80e3a33356200021b0000"
"2015-10-17T20:03:00.000Z","2015-10-26T17:05:35.299Z","562e5d5f672e6c2670a4aabb","","","8","55e4c1c8f7e0c519f1000000","LGA B1","53c80e3a33356200021b0000"
"2015-10-17T20:13:00.000Z","2015-10-26T17:05:38.764Z","562e5d626f31a2130b396df5","","","0","55e4c1c8f7e0c519f1000000","LGA B1","53c80e3a33356200021b0000"
"2015-10-17T20:23:00.000Z","2015-10-26T17:05:40.005Z","562e5d646f31a2130fee1991","","","3","55e4c1c8f7e0c519f1000000","LGA B1","53c80e3a33356200021b0000"
"2015-10-17T20:33:00.000Z","2015-10-26T17:05:41.258Z","562e5d65672e6c266b1fa5a3","","","0","55e4c1c8f7e0c519f1000000","LGA B1","53c80e3a33356200021b0000"
"2015-10-17T20:43:00.000Z","2015-10-26T17:05:42.398Z","562e5d66d2eaaa1c0de5b0bd","","","7","55e4c1c8f7e0c519f1000000","LGA B1","53c80e3a33356200021b0000"
"2015-10-17T20:53:00.000Z","2015-10-26T17:05:43.501Z","562e5d6759949a197d44f4b7","","","22","55e4c1c8f7e0c519f1000000","LGA B1","53c80e3a33356200021b0000"
"2015-10-17T21:03:00.000Z","2015-10-26T17:05:45.071Z","562e5d6959949a19843a816d","","","3","55e4c1c8f7e0c519f1000000","LGA B1","53c80e3a33356200021b0000"
"2015-10-17T21:13:00.000Z","2015-10-26T17:05:47.356Z","562e5d6b672e6c267c7ee57e","","","0","55e4c1c8f7e0c519f1000000","LGA B1","53c80e3a33356200021b0000"
"2015-10-17T21:23:00.000Z","2015-10-26T17:05:50.851Z","562e5d6ed2eaaa1c0123a096","","","0","55e4c1c8f7e0c519f1000000","LGA B1","53c80e3a33356200021b0000"
"2015-10-17T21:33:00.000Z","2015-10-26T17:05:52.068Z","562e5d7096773d16cee88c33","","","0","55e4c1c8f7e0c519f1000000","LGA B1","53c80e3a33356200021b0000"
"2015-10-17T21:43:00.000Z","2015-10-26T17:05:54.002Z","562e5d7246f9a71d8aed202f","","","0","55e4c1c8f7e0c519f1000000","LGA B1","53c80e3a33356200021b0000"
"2015-10-17T22:03:00.000Z","2015-10-26T17:05:58.238Z","562e5d766f31a21311b93918","","","0","55e4c1c8f7e0c519f1000000","LGA B1","53c80e3a33356200021b0000"
"2015-10-17T22:13:00.000Z","2015-10-26T17:06:06.062Z","562e5d7e90e4bd1c2ed0b08e","","","2","55e4c1c8f7e0c519f1000000","LGA B1","53c80e3a33356200021b0000"
"2015-10-17T22:23:00.000Z","2015-10-26T17:06:09.089Z","562e5d8196773d16c7a17d07","","","2","55e4c1c8f7e0c519f1000000","LGA B1","53c80e3a33356200021b0000"
"2015-10-17T22:33:00.000Z","2015-10-26T17:06:12.459Z","562e5d846f31a2130cf566ef","","","0","55e4c1c8f7e0c519f1000000","LGA B1","53c80e3a33356200021b0000"
"2015-10-17T22:43:00.000Z","2015-10-26T17:06:14.229Z","562e5d8690e4bd1c30cdf7a1","","","0","55e4c1c8f7e0c519f1000000","LGA B1","53c80e3a33356200021b0000"
"2015-10-17T23:03:00.000Z","2015-10-26T17:06:20.413Z","562e5d8c59949a19850dc2dc","","","9","55e4c1c8f7e0c519f1000000","LGA B1","53c80e3a33356200021b0000"
"2015-10-17T23:13:00.000Z","2015-10-26T17:06:21.585Z","562e5d8d90e4bd1c2a09e73a","","","9","55e4c1c8f7e0c519f1000000","LGA B1","53c80e3a33356200021b0000"
"2015-10-17T23:23:00.000Z","2015-10-26T17:06:23.160Z","562e5d8f672e6c267f6d1c52","","","9","55e4c1c8f7e0c519f1000000","LGA B1","53c80e3a33356200021b0000"
"2015-10-17T23:33:00.000Z","2015-10-26T17:06:24.227Z","562e5d9090e4bd1c30cdf8a6","","","24","55e4c1c8f7e0c519f1000000","LGA B1","53c80e3a33356200021b0000"
"2015-10-17T23:43:00.000Z","2015-10-26T17:06:28.438Z","562e5d9459949a19809e6613","","","0","55e4c1c8f7e0c519f1000000","LGA B1","53c80e3a33356200021b0000"
"2015-10-17T23:53:00.000Z","2015-10-26T17:06:31.645Z","562e5d9790e4bd1c2cb174be","","","0","55e4c1c8f7e0c519f1000000","LGA B1","53c80e3a33356200021b0000"
"2015-10-18T00:03:00.000Z","2015-10-26T17:06:33.467Z","562e5d9959949a1981ae307b","","","12","55e4c1c8f7e0c519f1000000","LGA B1","53c80e3a33356200021b0000"
"2015-10-18T00:13:00.000Z","2015-10-26T17:06:36.290Z","562e5d9cd2eaaa1bfbece515","","","14","55e4c1c8f7e0c519f1000000","LGA B1","53c80e3a33356200021b0000"
"2015-10-18T00:23:00.000Z","2015-10-26T17:06:38.766Z","562e5d9e46f9a71d8f9dc44e","","","4","55e4c1c8f7e0c519f1000000","LGA B1","53c80e3a33356200021b0000"
"2015-10-18T00:33:00.000Z","2015-10-26T17:06:39.998Z","562e5d9fd2eaaa1c0f712847","","","0","55e4c1c8f7e0c519f1000000","LGA B1","53c80e3a33356200021b0000"
"2015-10-18T00:43:00.000Z","2015-10-26T17:06:41.507Z","562e5da159949a19809e6716","","","0","55e4c1c8f7e0c519f1000000","LGA B1","53c80e3a33356200021b0000"
"2015-10-18T00:53:00.000Z","2015-10-26T17:06:43.706Z","562e5da359949a199032e7dd","","","0","55e4c1c8f7e0c519f1000000","LGA B1","53c80e3a33356200021b0000"
"2015-10-18T01:03:00.000Z","2015-10-26T17:06:45.457Z","562e5da5672e6c266df43fbc","","","2","55e4c1c8f7e0c519f1000000","LGA B1","53c80e3a33356200021b0000"
"2015-10-18T01:13:00.000Z","2015-10-26T17:06:48.034Z","562e5da890e4bd1c30cdfb46","","","13","55e4c1c8f7e0c519f1000000","LGA B1","53c80e3a33356200021b0000"
"2015-10-18T01:23:00.000Z","2015-10-26T17:06:51.690Z","562e5dab672e6c267f6d1eb2","","","9","55e4c1c8f7e0c519f1000000","LGA B1","53c80e3a33356200021b0000"
"2015-10-18T01:33:00.000Z","2015-10-26T17:06:54.786Z","562e5dae46f9a71d9e79bbd4","","","12","55e4c1c8f7e0c519f1000000","LGA B1","53c80e3a33356200021b0000"
"2015-10-18T01:43:00.000Z","2015-10-26T17:06:56.527Z","562e5db059949a197f9a50ca","","","2","55e4c1c8f7e0c519f1000000","LGA B1","53c80e3a33356200021b0000"
"2015-10-18T01:53:00.000Z","2015-10-26T17:06:57.757Z","562e5db146f9a71d90dd93dc","","","0","55e4c1c8f7e0c519f1000000","LGA B1","53c80e3a33356200021b0000"
"2015-10-18T02:03:00.000Z","2015-10-26T17:07:03.093Z","562e5db7672e6c267f6d2000","","","7","55e4c1c8f7e0c519f1000000","LGA B1","53c80e3a33356200021b0000"
"2015-10-18T02:13:00.000Z","2015-10-26T17:07:04.876Z","562e5db890e4bd1c2a09eb77","","","1","55e4c1c8f7e0c519f1000000","LGA B1","53c80e3a33356200021b0000"
"2015-10-18T03:00:00.000Z","2015-10-26T17:07:06.696Z","562e5dba59949a197ec5e6be","","","1","55e4c1c8f7e0c519f1000000","LGA B1","53c80e3a33356200021b0000"
"2015-10-18T02:33:00.000Z","2015-10-26T17:07:10.606Z","562e5dbe96773d16d997d786","","","0","55e4c1c8f7e0c519f1000000","LGA B1","53c80e3a33356200021b0000"
"2015-10-18T02:43:00.000Z","2015-10-26T17:07:16.998Z","562e5dc446f9a71d8d3b4ed6","","","0","55e4c1c8f7e0c519f1000000","LGA B1","53c80e3a33356200021b0000"
"2015-10-18T02:53:00.000Z","2015-10-26T17:07:18.521Z","562e5dc696773d16cbe553a9","","","0","55e4c1c8f7e0c519f1000000","LGA B1","53c80e3a33356200021b0000"
"2015-10-18T03:03:00.000Z","2015-10-26T17:07:19.887Z","562e5dc759949a1992b9199b","","","0","55e4c1c8f7e0c519f1000000","LGA B1","53c80e3a33356200021b0000"
"2015-10-18T03:13:00.000Z","2015-10-26T17:07:20.983Z","562e5dc846f9a71d9fd059bd","","","0","55e4c1c8f7e0c519f1000000","LGA B1","53c80e3a33356200021b0000"
"2015-10-18T03:33:00.000Z","2015-10-26T17:07:22.575Z","562e5dcad2eaaa1c02e0abb8","","","0","55e4c1c8f7e0c519f1000000","LGA B1","53c80e3a33356200021b0000"
"2015-10-18T03:43:00.000Z","2015-10-26T17:07:24.684Z","562e5dcc59949a198350382d","","","0","55e4c1c8f7e0c519f1000000","LGA B1","53c80e3a33356200021b0000"
"2015-10-18T04:03:00.000Z","2015-10-26T17:07:38.015Z","562e5dda672e6c267f6d23b2","","","0","55e4c1c8f7e0c519f1000000","LGA B1","53c80e3a33356200021b0000"
"2015-10-18T04:13:00.000Z","2015-10-26T17:07:41.442Z","562e5ddd6f31a2130a8db1d3","","","0","55e4c1c8f7e0c519f1000000","LGA B1","53c80e3a33356200021b0000"
"2015-10-18T04:23:00.000Z","2015-10-26T17:07:43.160Z","562e5ddf672e6c266df444d6","","","0","55e4c1c8f7e0c519f1000000","LGA B1","53c80e3a33356200021b0000"
"2015-10-18T04:33:00.000Z","2015-10-26T17:07:44.674Z","562e5de06f31a2130a8db226","","","0","55e4c1c8f7e0c519f1000000","LGA B1","53c80e3a33356200021b0000"
"2015-10-18T04:43:00.000Z","2015-10-26T17:07:47.472Z","562e5de396773d16dbeb1cca","","","0","55e4c1c8f7e0c519f1000000","LGA B1","53c80e3a33356200021b0000"
"2015-10-18T04:53:00.000Z","2015-10-26T17:07:52.028Z","562e5de86f31a2131c9b6605","","","0","55e4c1c8f7e0c519f1000000","LGA B1","53c80e3a33356200021b0000"
